"","vars","n","mean","sd","median","trimmed","mad","min","max","range","skew","kurtosis","se"
"big5_scale_neuroticism",1,6271,3.48932918726413,0.489367473987978,3.6,3.54744867450668,0.59304,1,4,3,-0.910066940076491,0.521495387429174,0.00617969014912884
"big5_scale_extraversion",2,6271,3.19954818476585,0.560372500833228,3.2,3.22959271809182,0.59304,1,4,3,-0.434688762669564,-0.3348760142181,0.00707633548879234
"big5_scale_openness",3,6265,2.23873370577281,0.662978444348307,2.25,2.21937961300618,0.7413,1,4,3,0.280146539529702,-0.355231561136292,0.00837604246750685
"big5_scale_conscientiousness",4,6270,3.42087985114301,0.442321751497602,3.5,3.45675505050505,0.37065,1,4,3,-0.706163997283973,0.26630659073974,0.00558604623821033
"big5_scale_agreeableness",5,6264,3.01683269476373,0.526396137973947,3,3.03231178504922,0.635399999999973,1,4,3,-0.274904675745841,-0.290422526327988,0.00665099803909233
